Subject,Research Topic,Key Findings,Implementation Examples,Implementation Complexity,Runtime Performance,Robustness to Noise,Pros and Cons,Key Resources,Recommendation,Error
"Approximate Largest Inscribed Rectangle algorithms - methods that find near-optimal inscribed rectangles with tolerance for outliers, noise, or imperfect boundaries. Include optimization-based approaches that maximize Area minus Penalty times OcclusionScore.",Approximate Largest Inscribed Rectangle algorithms,"The primary algorithm identified is a heuristic approach for finding the largest axis-aligned inscribed rectangle in a general polygon, as described in the paper ""Algorithm for finding the largest inscribed rectangle in polygon"" by Zahraa Marzeh, Maryam Tahmasbi, and Narges Mirehi. This algorithm is implemented in the `largestinteriorrectangle` Python package. The algorithm works by first discretizing the polygon into a binary mask. It then iterates through all possible rectangles within the mask and checks if they are fully contained within the polygon. To optimize this process, it uses a summed-area table (also known as an integral image) to quickly calculate the area of any rectangular region. This allows for efficient checking of whether a rectangle is empty or not. While this method can handle non-convex polygons, it is limited to finding axis-aligned rectangles and may not be robust to significant noise or artistic elements, which is a key requirement for the target use case of finding the 'perceptually largest void' in decorative UI containers.","```python
import largestinteriorrectangle as lir
import numpy as np

# Define a polygon
polygon = np.array([[[20,15],[210,30],[220,100],[20,100]]], np.int32)

# Find the largest inscribed rectangle
rectangle = lir.lir(polygon)

# The result is an array [x, y, width, height]
print(rectangle)
```",Easy (< 1 day),Acceptable (50-100ms),Medium,"*   **Pros:**
    *   Relatively simple to implement and use.
    *   Reasonably fast for many applications.
    *   Can handle non-convex polygons.
*   **Cons:**
    *   Only finds axis-aligned rectangles.
    *   May not be robust to significant noise or artistic elements.
    *   The brute-force nature of the search can be slow for very large polygons.","*   [Algorithm for finding the largest inscribed rectangle in polygon](https://jac.ut.ac.ir/article_71280.html)
*   [largestinteriorrectangle Python package](https://github.com/linex-cd/rectinpolygon)
*   [Stack Overflow discussion](https://stackoverflow.com/questions/70362355/finding-largest-inscribed-rectangle-in-polygon)","This approach is a good starting point for finding the largest inscribed rectangle in a polygon. However, for the specific use case of finding the ""perceptually largest void"" in a decorative UI container, it may not be sufficient due to its limitations in handling noise and non-axis-aligned rectangles. Further research into more robust and flexible algorithms is recommended.",
"Computer Vision morphological operations for robust void detection - using erosion, dilation, opening, closing operations to clean noise before finding largest rectangle. Include connected component analysis and contour-based approaches.",Computer Vision morphological operations for robust void detection,"Morphological operations are a set of powerful image processing techniques that are particularly well-suited for analyzing and processing geometric structures within images. These operations, which are fundamental to computer vision, can be effectively employed for robust void detection in hand-drawn UI containers, especially when dealing with noise and artistic elements. The primary operations relevant to this task are **erosion**, **dilation**, **opening**, and **closing**, which can be used to clean the input image before applying techniques like **connected component analysis** to identify and analyze voids.

### Morphological Operations for Noise Removal

Before attempting to identify the largest usable rectangular area (the ""Safe Zone""), it is crucial to preprocess the image to remove noise and irregularities. Morphological operations are ideal for this purpose.

*   **Erosion**: This operation erodes away the boundaries of foreground objects. It is useful for removing small, isolated noise pixels (salt noise) and for separating objects that are lightly connected. In the context of void detection, erosion can help eliminate small, irrelevant details and artistic splatters within the container, making the main void more prominent.

*   **Dilation**: The opposite of erosion, dilation expands the boundaries of foreground objects. It can be used to fill small holes and gaps within objects. In our use case, after an initial erosion to remove noise, dilation can help restore the main shape of the container without reintroducing the noise.

*   **Opening**: This is a compound operation that consists of an erosion followed by a dilation. Opening is highly effective for removing small objects and noise from the foreground while preserving the shape and size of larger objects. This is particularly useful for cleaning up the initial image of the UI container, removing any stray artistic elements that are not part of the main container boundary.

*   **Closing**: This operation is a dilation followed by an erosion. Closing is used to fill small holes and gaps in the foreground objects. This can be beneficial for closing up any small breaks in the hand-drawn boundary of the container, ensuring that it is treated as a single, continuous object.

By applying a combination of these operations, we can create a clean, binary representation of the UI container, where the void is a large, contiguous background region.

### Connected Component Analysis for Void Identification

Once the image has been cleaned using morphological operations, **connected component analysis** (also known as blob detection or region labeling) can be used to identify and analyze the different regions in the image. This algorithm works by scanning the image and grouping pixels into components based on pixel connectivity (either 4-connectivity or 8-connectivity).

In our scenario, after thresholding the cleaned image, the void will appear as one or more large, connected components of background pixels. The `cv2.connectedComponentsWithStats` function in OpenCV is particularly useful here. It not only labels the different connected components but also provides valuable statistics for each component, including:

*   The bounding box coordinates (x, y, width, height)
*   The area of the component (in pixels)
*   The centroid of the component

By analyzing these statistics, we can easily identify the largest connected component, which will correspond to the main void or ""Safe Zone"" within the UI container. We can then extract the bounding box of this component to get the largest usable rectangular area.

### Contour-Based Approaches

While connected component analysis is a robust method, contour-based approaches can also be used. After the initial morphological cleaning, we can use a contour detection algorithm (e.g., `cv2.findContours` in OpenCV) to find the boundaries of the objects in the image. The largest contour will likely correspond to the boundary of the main void. From this contour, we can then find the largest inscribed rectangle. However, for the specific problem of finding the ""Perceptually Largest Void"" in the presence of artistic elements, the combination of morphological operations and connected component analysis is likely to be more robust and easier to implement.","```python
import cv2
import numpy as np

def find_safe_zone(image_path):
    # Load the image
    image = cv2.imread(image_path)
    
    # Convert to grayscale
    gray = cv2.cvtColor(image, cv2.COLOR_BGR2GRAY)
    
    # Threshold the image to create a binary image
    # We invert the thresholding to make the void the foreground
    thresh = cv2.threshold(gray, 0, 255, cv2.THRESH_BINARY_INV | cv2.THRESH_OTSU)[1]
    
    # Define a kernel for the morphological operations
    kernel = np.ones((5,5), np.uint8)
    
    # Apply opening to remove noise
    opening = cv2.morphologyEx(thresh, cv2.MORPH_OPEN, kernel, iterations=2)
    
    # Apply closing to fill holes
    closing = cv2.morphologyEx(opening, cv2.MORPH_CLOSE, kernel, iterations=2)
    
    # Find connected components
    num_labels, labels, stats, centroids = cv2.connectedComponentsWithStats(closing, 4, cv2.CV_32S)
    
    # Find the largest component (excluding the background)
    largest_label = 1
    max_area = stats[1, cv2.CC_STAT_AREA]
    for i in range(2, num_labels):
        if stats[i, cv2.CC_STAT_AREA] > max_area:
            max_area = stats[i, cv2.CC_STAT_AREA]
            largest_label = i
            
    # Get the bounding box of the largest component
    x = stats[largest_label, cv2.CC_STAT_LEFT]
    y = stats[largest_label, cv2.CC_STAT_TOP]
    w = stats[largest_label, cv2.CC_STAT_WIDTH]
    h = stats[largest_label, cv2.CC_STAT_HEIGHT]
    
    # Draw the bounding box on the original image
    cv2.rectangle(image, (x, y), (x + w, y + h), (0, 255, 0), 2)
    
    return image

# Example usage:
# result_image = find_safe_zone(\'path/to/your/image.png\')
# cv2.imshow(\'Safe Zone\', result_image)
# cv2.waitKey(0)
# cv2.destroyAllWindows()
```",Easy (< 1 day),Acceptable (50-100ms),High,"*   **Pros:**
    *   Very effective at removing noise and artistic elements.
    *   Relatively simple to implement using standard computer vision libraries like OpenCV.
    *   Robust to variations in the shape and size of the container.
    *   The use of connected component analysis provides a straightforward way to identify and isolate the main void.

*   **Cons:**
    *   The performance can be sensitive to the choice of kernel size and the number of iterations for the morphological operations. These parameters may need to be tuned for different types of UI containers.
    *   May not perform as well if the artistic elements are heavily connected to the main container boundary.","*   [Different Morphological Operations in Image Processing - GeeksforGeeks](https://www.geeksforgeeks.org/computer-vision/different-morphological-operations-in-image-processing/)
*   [OpenCV Connected Component Labeling and Analysis - PyImageSearch](https://pyimagesearch.com/2021/02/22/opencv-connected-component-labeling-and-analysis/)","This approach is highly recommended for the Safe Zone algorithm problem. The combination of morphological operations and connected component analysis provides a robust and relatively simple solution for finding the largest usable rectangular area within organic, hand-drawn UI containers, even in the presence of noise and artistic elements.",
"AI vision models for layout detection and empty space segmentation - small deployable models (ONNX/CoreML) for detecting usable space, saliency maps, zero-shot segmentation for void detection, and semantic segmentation approaches.",AI Vision Models for Layout Detection and Empty Space Segmentation,"This research explored various AI vision models for identifying the largest usable rectangular area within decorative UI containers. The primary challenge is the presence of noise and artistic elements that render traditional algorithms like the Largest Inscribed Rectangle (LIR) ineffective. The investigation focused on small, deployable models (ONNX/CoreML), saliency maps, zero-shot segmentation, and semantic segmentation approaches.

The **Segment Anything Model (SAM)** from Meta AI, particularly its latest iteration SAM 3, emerged as a powerful tool for this task. SAM is a versatile segmentation model that can be prompted with text, images, points, or bounding boxes. Its strength in **zero-shot segmentation** is highly relevant, as it allows for the identification of abstract concepts like ""empty space"" or ""usable area"" without requiring specific training data. While SAM is a large model, it is highly optimized for performance, achieving low latency on high-end hardware. For deployment on less powerful devices, the model size and hardware requirements are a key consideration. The model can be fine-tuned on smaller, domain-specific datasets to improve its accuracy in identifying usable space within the unique context of hand-drawn UI containers.

**Small Vision Language Models (SmolVLM)** represent another promising avenue. These models, with around 2 billion parameters, are designed for efficiency and local deployment. While not specialized for segmentation, their vision-language capabilities can be adapted for this purpose. For instance, SmolVLM could be used to generate textual descriptions of different image regions, which can then be analyzed to identify empty spaces. Alternatively, it could be fine-tuned for a lightweight segmentation task. The open-source nature of SmolVLM, with its publicly available models, datasets, and training recipes, makes it an attractive option for developing a custom solution.

A systematic review of **VLM-based detection and segmentation** models highlights the effectiveness of these models in open-vocabulary tasks. The review discusses various fine-tuning strategies, including text prompt tuning, which could be a highly efficient method for adapting a pre-trained model to the specific requirements of this project. This approach would involve tuning the text prompts used to guide the segmentation process, rather than retraining the entire model.

**Saliency maps**, which identify the most visually prominent regions of an image, can be inverted to find the least salient areas, corresponding to empty space. This technique is robust to noise and artistic elements as it does not rely on object recognition. **Zero-shot segmentation for void detection** is a direct application of models like SAM, using text prompts such as ""void"" or ""empty space"" to segment the usable area directly.

Finally, **semantic segmentation** offers a more traditional but powerful approach. This would involve training a model on a custom dataset of UI screenshots with manually labeled ""usable"" and ""unusable"" areas. While this method would likely yield the highest accuracy and robustness for the specific domain of hand-drawn UI containers, it would also be the most labor-intensive, requiring significant effort in data annotation and model training.","### Segment Anything Model (SAM) with Text Prompts (Conceptual)

```python
from PIL import Image
from transformers import SamModel, SamProcessor

# Load a model that combines SAM with a text encoder like CLIP
# (This is a conceptual example, as a direct text-promptable SAM is not yet available in a single package)

model = SamModel.from_pretrained(""facebook/sam-vit-huge"").to(device)
processor = SamProcessor.from_pretrained(""facebook/sam-vit-huge"")

image = Image.open(""path/to/your/ui_container.png"")
text_prompt = ""empty space""

# The processor would need to handle the text prompt and encode it appropriately
inputs = processor(image, text=text_prompt, return_tensors=""pt"").to(device)

with torch.no_grad():
    outputs = model(**inputs)

# Post-process the outputs to get the segmentation mask for the ""empty space""
mask = processor.decode_segmentation(outputs.pred_masks)
```

### Small Vision Language Models (SmolVLM) for Region Description

```python
from transformers import AutoProcessor, AutoModelForVision2Seq
import torch

DEVICE = ""cuda"" if torch.cuda.is_available() else ""cpu""

processor = AutoProcessor.from_pretrained(""HuggingFaceTB/SmolVLM-Instruct"")
model = AutoModelForVision2Seq.from_pretrained(""HuggingFaceTB/SmolVLM-Instruct"",
                                                torch_dtype=torch.bfloat16,
                                                _attn_implementation=""flash_attention_2"" if DEVICE == ""cuda"" else ""eager"").to(DEVICE)

# Assume you have a way to propose different regions of the image
# For example, using a simple grid or a more sophisticated region proposal network

regions = [image.crop(box) for box in region_boxes]

for region in regions:
    messages = [
        {
            ""role"": ""user"",
            ""content"": [
                {""type"": ""image""},
                {""type"": ""text"", ""text"": ""Describe this region.""}
            ]
        },
    ]

    prompt = processor.apply_chat_template(messages, add_generation_prompt=True)
    inputs = processor(text=prompt, images=[region], return_tensors=""pt"").to(DEVICE)

    generated_ids = model.generate(**inputs, max_new_tokens=50)
    generated_texts = processor.batch_decode(generated_ids, skip_special_tokens=True)

    # Analyze the generated text to determine if the region is ""empty"" or ""usable""
    if ""empty"" in generated_texts[0] or ""background"" in generated_texts[0]:
        print(""Found a usable region!"")
```",Medium (1-3 days),Acceptable (50-100ms),High,"*   **Pros:**
    *   **High Robustness:** AI vision models, particularly those with zero-shot capabilities, are well-suited to handle the noise and artistic elements present in hand-drawn UI containers.
    *   **Flexibility:** The use of text prompts provides a flexible way to define what constitutes a ""usable space,"" allowing for easy adaptation to different styles and requirements.
    *   **Potential for High Performance:** While larger models may require high-end hardware, smaller models like SmolVLM offer a path to efficient on-device deployment.
    *   **Open Source Availability:** Many of the most promising models and tools, including SAM and SmolVLM, are open source, providing a solid foundation for building a custom solution.

*   **Cons:**
    *   **Implementation Complexity:** Integrating and fine-tuning these models can be complex, requiring expertise in deep learning frameworks and MLOps.
    *   **Hardware Requirements:** The most powerful models may have significant hardware requirements for both training and deployment, which could be a constraint for on-device applications.
    *   **Data Requirements:** While zero-shot models reduce the need for large labeled datasets, fine-tuning for optimal performance will still require some amount of domain-specific data.","*   **Meta AI - Segment Anything Model 3:** https://ai.meta.com/blog/segment-anything-model-3/
*   **Hugging Face - SmolVLM:** https://huggingface.co/blog/smolvlm
*   **arXiv - Vision-Language Model for Object Detection and Segmentation: A Review and Evaluation:** https://arxiv.org/html/2504.09480v1","The recommended approach is to leverage a zero-shot segmentation model like Meta's Segment Anything Model (SAM) as a starting point. Its ability to understand abstract concepts like ""empty space"" via text prompts makes it a powerful tool for this task. For on-device deployment, exploring smaller, more efficient models like SmolVLM, potentially fine-tuned for segmentation, is a promising direction.",
"SaaS APIs and cloud services for smart cropping and layout analysis - commercial APIs that detect safe zones, content-aware cropping services, and layout analysis tools that handle organic/artistic images.",SaaS APIs and cloud services for smart cropping and layout analysis,"The research on SaaS APIs and cloud services for smart cropping and layout analysis focused on identifying commercial APIs capable of finding the 'largest usable rectangular area' within organic, hand-drawn UI containers. The investigation centered on major cloud providers and specialized image analysis services. The most promising solutions found are Google Cloud Vision API and Azure Computer Vision API, both of which offer 'smart cropping' or 'content-aware cropping' features.

**Google Cloud Vision API** provides a 'Crop Hints' feature that suggests optimal cropping dimensions for an image. This feature is designed to identify the most salient object or face in an image and provide bounding box coordinates for cropping. The API allows specifying aspect ratios for the desired crop, which is useful for creating thumbnails or fitting images into specific layouts. The underlying model is trained on a vast dataset of images, enabling it to recognize a wide variety of objects and scenes. However, its effectiveness on abstract or artistic UI elements is not explicitly documented and would require testing.

**Azure Computer Vision API** offers a similar feature called 'Smart Cropped Thumbnails' as part of its Image Analysis service. This feature, available in version 4.0 of the API, also aims to create more intuitive thumbnails by focusing on the most important regions of an image, with a priority on detected faces. The API takes one or more aspect ratios and returns the bounding box coordinates for the identified region. Like Google's offering, it is a general-purpose computer vision service, and its performance on non-photographic, artistic UI containers would need to be evaluated.

**Imagga** was also investigated as a potential provider of smart cropping technology. However, the specific pages for their 'auto-cropping' and 'image cropping' solutions were not accessible at the time of research, leading to a 404 error. Therefore, a detailed analysis of their offering could not be completed.","Implementation of these services typically involves using the provided client libraries for a chosen programming language. Here is an example of how to use the Google Cloud Vision API's Crop Hints feature in Python:

```python
import argparse
from typing import MutableSequence

from google.cloud import vision
from PIL import Image, ImageDraw

def get_crop_hint(path: str) -> MutableSequence[vision.Vertex]:
    client = vision.ImageAnnotatorClient()

    with open(path, ""rb"") as image_file:
        content = image_file.read()

    image = vision.Image(content=content)

    crop_hints_params = vision.CropHintsParams(aspect_ratios=[1.77])
    image_context = vision.ImageContext(crop_hints_params=crop_hints_params)

    response = client.crop_hints(image=image, image_context=image_context)
    hints = response.crop_hints_annotation.crop_hints

    vertices = hints[0].bounding_poly.vertices

    return vertices

def crop_to_hint(image_file: str) -> None:
    vects = get_crop_hint(image_file)

    im = Image.open(image_file)
    im2 = im.crop([vects[0].x, vects[0].y, vects[2].x - 1, vects[2].y - 1])
    im2.save(""output-crop.jpg"", ""JPEG"")
    print(""Saved new image to output-crop.jpg"")

if __name__ == ""__main__"":
    parser = argparse.ArgumentParser()
    parser.add_argument(""image_file"", help=""The image you'd like to crop."")
    args = parser.parse_args()

    crop_to_hint(args.image_file)
```

For Azure's Smart Cropped Thumbnails, the process would be similar. You would call the Analyze Image 4.0 API, including `SmartCrops` in the `features` query parameter and specifying the desired aspect ratios in the `smartcrops-aspect-ratios` parameter. The API would then return the bounding box coordinates for the suggested crop.",Easy (< 1 day),Acceptable (50-100ms),Medium,"*   **Pros:**
    *   Leverages powerful, pre-trained models from major cloud providers.
    *   Relatively easy to implement using provided client libraries.
    *   Scalable and managed by the cloud provider.
    *   No need to develop and train a custom computer vision model from scratch.

*   **Cons:**
    *   May not be specifically optimized for artistic or hand-drawn UI elements, potentially leading to suboptimal results.
    *   Performance might be a concern for real-time applications due to network latency.
    *   Cost can be a factor, as these are commercial services with usage-based pricing.
    *   Dependency on a third-party service and its availability.","*   [Google Cloud Vision API Documentation](https://cloud.google.com/vision/docs)
*   [Google Cloud Vision API Crop Hints Tutorial](https://cloud.google.com/vision/docs/crop-hints)
*   [Azure Computer Vision Documentation](https://learn.microsoft.com/en-us/azure/ai-services/computer-vision/overview)
*   [Azure Smart-cropped thumbnails documentation](https://learn.microsoft.com/en-us/azure/ai-services/computer-vision/concept-generate-thumbnails-40)","It is recommended to start with a proof-of-concept using the Google Cloud Vision API's Crop Hints feature, given the clear documentation and available code examples. This will allow for a quick evaluation of its effectiveness on the specific hand-drawn UI container images. If the results are not satisfactory, further investigation into training a custom model with Azure's or Google's AutoML Vision services could be the next step.",
"Game development techniques for walkable area detection - navmesh generation algorithms, pathfinding space detection, 2D platformer collision map generation, and physics-based approaches for finding open spaces.",Game development techniques for walkable area detection,"The primary technique used in game development for walkable area detection is **Navigation Mesh (Navmesh) Generation**. A navmesh is a data structure that represents the traversable areas of an environment as a collection of convex polygons, typically triangles. This allows for efficient pathfinding and movement of AI agents.

The most prominent and widely adopted open-source solution for navmesh generation is **Recast Navigation**. It is an industry-standard toolset used in major game engines like Unity and Unreal Engine. Recast generates a navmesh from input geometry through a multi-step process:

1.  **Voxelization**: The input geometry is first rasterized into a 3D grid of voxels. This process effectively converts the continuous geometry into a discrete representation, which is the first step in handling complex and noisy shapes.

2.  **Filtering**: The voxels are then filtered to remove areas that are not walkable. This includes areas that are too steep, too close to obstacles, or not large enough for an agent to pass through. This filtering step is crucial for handling the noise and artistic elements present in the ""Safe Zone"" problem, as it can be configured to ignore small, irrelevant details.

3.  **Region Generation**: The walkable voxels are then partitioned into a set of simple, overlapping regions. This is a critical step towards creating a clean and simplified representation of the walkable space.

4.  **Polygonization**: The regions are then traced to produce contour polygons. These polygons are then triangulated to form the final navigation mesh.

For 2D environments, while Recast is primarily a 3D library, there are several 2D adaptations and dedicated libraries available. **NavMeshPlus**, a popular plugin for the Unity game engine, extends Unity's built-in NavMesh system to work with 2D physics and tilemaps. There are also standalone JavaScript libraries like `navmesh` that provide 2D pathfinding on a navigation mesh.

These techniques are highly relevant to the ""Safe Zone"" problem because the voxelization and filtering stages of navmesh generation are inherently robust to the kind of noise and artistic embellishments described. By adjusting the parameters of the voxelization (e.g., voxel size) and the filtering process (e.g., agent height and radius), the algorithm can be tuned to ignore small splatters and hanging vines, effectively identifying the ""perceptually largest void.""","The following provides a high-level overview of the steps involved in generating a 2D navmesh, based on the gamedev.net tutorial and the Recast process:

1.  **Define Input Geometry**: Start with a set of polygons that define the boundaries of the UI container and any internal obstacles.

2.  **Voxelize the Geometry**: Create a 2D grid (or a 3D grid with a single layer) and mark the cells that are covered by the input geometry.

3.  **Filter Walkable Voxels**: Apply a series of filters to the voxel grid to identify the walkable areas. This can include a distance transform to calculate the distance from each walkable voxel to the nearest obstacle, allowing for the creation of a margin around obstacles.

4.  **Generate Regions**: Group the walkable voxels into contiguous regions.

5.  **Create Polygons**: Convert the regions into a set of convex polygons. This can be done using a marching squares algorithm or by tracing the contours of the regions.

6.  **Triangulate Polygons**: Triangulate the resulting polygons to create the final navmesh.

For a concrete implementation, the **RecastDemo** included with the Recast Navigation library provides a comprehensive example of how to use the library. The `Sample_SoloMesh.cpp` file is a good starting point for understanding the process of building a navmesh from a single input mesh.

For a 2D implementation, the **NavMeshPlus** repository for Unity provides a practical example of how to apply navmesh generation to 2D assets like sprites and tilemaps.",Medium (1-3 days),Acceptable (50-100ms),High,"*   **Pros**:
    *   Highly robust to noise and complex, organic shapes.
    *   Industry-standard, well-documented, and battle-tested in numerous games.
    *   Open-source with a permissive Zlib license.
    *   Provides a complete pathfinding solution, not just walkable area detection.

*   **Cons**:
    *   The learning curve for integrating and tuning the library can be steep.
    *   Primarily a 3D solution, requiring some adaptation for a purely 2D use case.
    *   The output is a mesh of polygons, which would require an additional step to find the largest inscribed rectangle within the walkable area.","*   [Recast Navigation GitHub Repository](https://github.com/recastnavigation/recastnavigation): The official repository for the Recast Navigation library.
*   [Generating 2D Navmeshes (GameDev.net)](https://www.gamedev.net/tutorials/programming/artificial-intelligence/generating-2d-navmeshes-r3393/): A tutorial on the process of generating 2D navmeshes.
*   [NavMeshPlus for Unity](https://github.com/h8man/NavMeshPlus): A popular 2D navmesh solution for the Unity game engine.
*   [Navigation Mesh (Wikipedia)](https://en.wikipedia.org/wiki/Navigation_mesh): A good overview of the concept of navigation meshes.","For the ""Safe Zone"" problem, using a navmesh generation library like **Recast Navigation** is a highly recommended approach. Its robustness to noise and its ability to handle complex geometry make it an excellent fit for identifying the perceptually largest void in artistic UI containers. While it requires some integration effort, the benefits of using a mature and powerful library far outweigh the drawbacks.",
"Mathematical and physics-based approaches for void detection - raycasting methods, convex hull algorithms, alpha shape detection, Voronoi diagrams, and other geometric approaches for finding largest empty regions in noisy data.",Mathematical and physics-based approaches for void detection,"This research investigated three primary mathematical and geometric approaches for identifying the largest empty region within a 2D point set, specifically for finding a 'perceptually largest void' in noisy, hand-drawn UI containers. The three approaches analyzed were the Largest Empty Rectangle (LER), Alpha Shapes, and Voronoi Diagrams.

The **Largest Empty Rectangle (LER)** algorithm is a classic computational geometry technique that finds the largest rectangular area in a 2D space that is devoid of any points. The most efficient algorithms for LER utilize a divide-and-conquer approach and have a time complexity of O(N log N). However, this method is ill-suited for the target application due to its strictness; it treats every noise pixel as a hard constraint, leading to a much smaller and less perceptually relevant void.

**Alpha Shapes** are a more flexible generalization of the convex hull. They can reconstruct the shape of a point set at varying levels of detail, controlled by an 'alpha' parameter. A smaller alpha value captures more detail, while a larger alpha value smooths out the shape, approaching the convex hull. This makes alpha shapes highly suitable for the problem at hand, as the alpha parameter can be tuned to ignore noise and capture the underlying shape of the container. The main challenge lies in selecting the optimal alpha value, which may require some experimentation. Extensions like weighted and density-scaled alpha shapes can help mitigate this.

**Voronoi Diagrams** partition a plane into regions based on the closest point in a given set. The center of the largest empty circle within the point set is guaranteed to be either a Voronoi vertex or an intersection of a Voronoi edge and the convex hull. While the standard algorithm is sensitive to noise, the fundamental principle of finding a point maximally distant from all others is valuable. This approach could be adapted by pre-processing the image to remove noise or by using a weighted Voronoi diagram. Its advantage over LER is that it is not restricted to rectangular shapes, which aligns better with the concept of a 'perceptually largest void'.","### Largest Empty Rectangle (LER)

```python
# Pseudocode for LER using a divide-and-conquer approach

def largest_empty_rectangle(points):
  if len(points) == 0:
    return bounding_box_area

  median_x = find_median_x(points)
  left_points = [p for p in points if p.x < median_x]
  right_points = [p for p in points if p.x >= median_x]

  max_left = largest_empty_rectangle(left_points)
  max_right = largest_empty_rectangle(right_points)

  max_crossing = find_max_crossing_rectangle(points, median_x)

  return max(max_left, max_right, max_crossing)
```

**Libraries:** [CGAL (Computational Geometry Algorithms Library)](https://www.cgal.org/)

### Alpha Shapes

```python
# Pseudocode for generating an alpha shape

import numpy as np
from scipy.spatial import Delaunay

def alpha_shape(points, alpha):
  # 1. Compute the Delaunay triangulation of the points
  tri = Delaunay(points)

  # 2. For each simplex in the triangulation, calculate the radius of its circumcircle
  # 3. If the circumradius is less than alpha, add the simplex to the alpha shape

  alpha_simplices = []
  for simplex in tri.simplices:
    # ... calculate circumradius ...
    if circumradius < alpha:
      alpha_simplices.append(simplex)

  return alpha_simplices
```

**Libraries:** [CGAL](https://www.cgal.org/), [scikit-learn](https://scikit-learn.org/stable/), [alphashape](https://pypi.org/project/alphashape/)

### Voronoi Diagrams

```python
# Pseudocode for finding the largest empty circle using a Voronoi diagram

from scipy.spatial import Voronoi, voronoi_plot_2d

def largest_empty_circle(points):
  # 1. Compute the Voronoi diagram of the points
  vor = Voronoi(points)

  # 2. Identify candidate centers:
  #    - Voronoi vertices within the convex hull of the points
  #    - Intersections of Voronoi edges and the convex hull

  # 3. For each candidate center, find the distance to the nearest point
  # 4. The largest of these distances is the radius of the largest empty circle

  # ... implementation details ...

  return center, radius
```

**Libraries:** [SciPy](https://docs.scipy.org/doc/scipy/reference/generated/scipy.spatial.Voronoi.html), [CGAL](https://www.cgal.org/)",Medium (1-3 days),Acceptable (50-100ms),High,"### Largest Empty Rectangle (LER)

*   **Pros:**
    *   Relatively simple to understand and implement.
    *   Efficient algorithms exist (O(N log N)).
*   **Cons:**
    *   Highly sensitive to noise.
    *   Restricted to rectangular shapes, which may not be perceptually accurate.

### Alpha Shapes

*   **Pros:**
    *   Highly robust to noise and artistic elements.
    *   Can capture complex, non-convex shapes.
    *   The `alpha` parameter provides a knob to control the level of detail.
*   **Cons:**
    *   Choosing the optimal `alpha` value can be challenging and may require tuning.
    *   More complex to implement than LER.

### Voronoi Diagrams

*   **Pros:**
    *   Finds the largest empty *circle*, which is more flexible than a rectangle.
    *   The underlying principle of finding a point of maximum clearance is sound.
*   **Cons:**
    *   The standard algorithm is sensitive to noise.
    *   Requires adaptation (e.g., pre-processing, weighted diagrams) to be effective for this use case.","*   [Computing the Largest Empty Rectangle](https://www.cs.princeton.edu/~chazelle/pubs/ComputLargestEmptyRectangle.pdf)
*   [Introduction to Alpha Shapes](https://graphics.stanford.edu/courses/cs268-11-spring/handouts/AlphaShapes/as_fisher.pdf)
*   [The Largest Empty Circle Problem](https://www.cs.swarthmore.edu/~adanner/cs97/s08/papers/schuster.pdf)","Alpha shapes are the most promising approach for this problem due to their robustness to noise and their ability to capture the complex, organic shapes of the UI containers. While choosing the optimal alpha value requires some tuning, the flexibility of this approach makes it the best fit for finding the 'perceptually largest void'. Further research into automated methods for selecting the alpha parameter would be beneficial.",
